ID,网站名称,分类,网址,描述,支持平台,图标,新品,热门
1,蓝光追剧神器,硬核指南,https://uz998.com,影视、直播、漫画、小说一站式娱乐APP,,https://yinghezhinan.com/wp-content/themes/onenav/images/favicon.png,否,否
2,暖秋剧场,硬核指南,https://nq666.net,追剧、直播、小说漫画、音乐为一体的追剧APP,,https://yinghezhinan.com/wp-content/themes/onenav/images/favicon.png,否,否
3,莆田潮牌鞋服–工厂货源,硬核指南,https://xie.yixuev.com/?yinghe,厂家直销，品质保证,,https://yinghezhinan.com/wp-content/themes/onenav/images/favicon.png,否,否
4,电影天堂,硬核指南,https://wwbq.lanzoub.com/dytiantang,安卓、iOS双端的追剧APP,,https://yinghezhinan.com/wp-content/themes/onenav/images/favicon.png,否,否
5,小柴漫画,硬核指南,https://wwaoc.lanzoub.com/xiaocaimanhua,内置多图源的漫画阅读软件（安卓端）,,https://yinghezhinan.com/wp-content/themes/onenav/images/favicon.png,否,否
6,瓜子影视,硬核指南,https://uz998.com,瓜子影视：追剧、体育、小说漫画、音乐为一体的安卓、iOS端追剧APP,iOS,https://yinghezhinan.com/wp-content/themes/onenav/images/favicon.png,否,否
7,注视影视,硬核指南,https://gaze.red,注视影视：海外影视剧、国内高口碑影视剧资源为主的在线影视网站,在线,https://yinghezhinan.com/wp-content/themes/onenav/images/favicon.png,否,否
8,No视频,硬核指南,https://www.novipnoad.uk,No视频：主打海外影视剧资源，致力于最轻松的追剧体验,,https://yinghezhinan.com/wp-content/themes/onenav/images/favicon.png,否,否
9,懂片帝,硬核指南,https://dongpian1.com/?utm_source=WZYY-yinghezhinan&utm_medium=zaixiankan,懂片帝：Ai找剧帮你搞定全网影视剧资源,,https://yinghezhinan.com/wp-content/themes/onenav/images/favicon.png,否,否
10,剧OK,硬核指南,https://juok3.top,剧OK：可观看全网影视剧的在线追剧网站,在线,https://yinghezhinan.com/wp-content/themes/onenav/images/favicon.png,否,否
11,真狼影视,硬核指南,https://zlys9.top,真狼影视：免费的在线追剧网站,"在线, 免费",https://yinghezhinan.com/wp-content/themes/onenav/images/favicon.png,否,否
12,雪落影视,硬核指南,https://v.xl02.eu.cc,雪落影视：原修罗影视（哔嘀影视），内容丰富的综合型老牌优质影视名站,,https://yinghezhinan.com/wp-content/themes/onenav/images/favicon.png,否,否
13,西瓜影院,硬核指南,https://www.xiguadh.com,西瓜影院：可免费在线观看全网高清影视剧的综合型网站,"在线, 免费",https://yinghezhinan.com/wp-content/themes/onenav/images/favicon.png,否,否
14,LIBVIO,硬核指南,https://www.libvio.io,LIBVIO：以海外影视资源为主的老牌网站,,https://yinghezhinan.com/wp-content/themes/onenav/images/favicon.png,否,否
15,厂长资源,硬核指南,https://www.cz4k.com,厂长资源：高清、秒播不卡顿的综合型影视资源网站,,https://yinghezhinan.com/wp-content/themes/onenav/images/favicon.png,否,否
16,高仿潮鞋手表服饰,硬核指南,http://www.t759.cn/#hei,高仿潮鞋手表服饰：同专柜品质，全国包邮,,https://yinghezhinan.com/wp-content/themes/onenav/images/favicon.png,否,否
17,月之祠动漫,硬核指南,https://www.moonci.com,月之祠动漫：专注日漫资源的追番网站,,https://yinghezhinan.com/wp-content/themes/onenav/images/favicon.png,否,否
18,花子动漫,硬核指南,https://www.huazidm.com,花子动漫：提供日本动漫免费在线观看的网站,"在线, 免费",https://yinghezhinan.com/wp-content/themes/onenav/images/favicon.png,否,否
19,动漫窝,硬核指南,https://www.dmwo.one,动漫窝：提供国漫、日漫、美漫的在线追番网站,在线,https://yinghezhinan.com/wp-content/themes/onenav/images/favicon.png,否,否
20,佩可爱动漫,硬核指南,https://ani.pekolove.net,佩可爱动漫：以日本动漫在线观看为主的高清动漫网站，适合海外用户。,在线,https://yinghezhinan.com/wp-content/themes/onenav/images/favicon.png,否,否
21,西瓜卡通,硬核指南,https://www.cnxgct.com,西瓜卡通：4K超清日番、国番、美番在线观看的动漫网站,在线,https://yinghezhinan.com/wp-content/themes/onenav/images/favicon.png,否,否
22,E站弹幕网,硬核指南,https://www.ezdmw.org,E站弹幕网：以在线追番为主的二次元分享社区,在线,https://yinghezhinan.com/wp-content/themes/onenav/images/favicon.png,否,否
23,TvTFun,硬核指南,https://www.tvtfun.net,TvTFun：专注日本番剧的在线追番网站,在线,https://yinghezhinan.com/wp-content/themes/onenav/images/favicon.png,否,否
24,Anime1.me,硬核指南,https://anime1.me,Anime1.me：日番神器：界面简洁、更新速度快的日本动漫网站,,https://yinghezhinan.com/wp-content/themes/onenav/images/favicon.png,是,否
25,粤漫之家,硬核指南,https://www.ymvid.com,粤漫之家：专注粤语动画的在线追番网站,在线,https://yinghezhinan.com/wp-content/themes/onenav/images/favicon.png,否,否
26,魔力音乐,硬核指南,https://www.mlyy.online,魔力音乐：支持五大平台曲库的在线音乐网站,在线,https://yinghezhinan.com/wp-content/themes/onenav/images/favicon.png,否,否
27,GD音乐台,硬核指南,https://music.gdstudio.org,GD音乐台：支持国内外多个平台曲库的在线听歌网站,在线,https://yinghezhinan.com/wp-content/themes/onenav/images/favicon.png,否,否
28,飞鸟·轻音,硬核指南,http://music.xn--q35am7h.site,飞鸟·轻音：试听、下载、MV观看的音乐网站,,https://yinghezhinan.com/wp-content/themes/onenav/images/favicon.png,否,否
29,米兔音乐,硬核指南,https://www.qqmp3.vip,米兔音乐：提供歌曲在线试听、免费下载的音乐网站,"在线, 免费",https://yinghezhinan.com/wp-content/themes/onenav/images/favicon.png,否,否
30,布谷音乐,硬核指南,https://www.buguyy.cc,布谷音乐：提供MP3、WAV、Flac等格式的歌曲下载网站,,https://yinghezhinan.com/wp-content/themes/onenav/images/favicon.png,否,否
31,mmPlayer,硬核指南,https://netease-music.fe-mm.com/#/music/toplist,mmPlayer：网易云音乐第三方在线音乐播放器,在线,https://yinghezhinan.com/wp-content/themes/onenav/images/favicon.png,否,否
32,音乐库,硬核指南,http://www.yinyueku.cn,音乐库：网易云第三方网页版音乐播放器，可支持歌单导入、歌词下载,网页,https://yinghezhinan.com/wp-content/themes/onenav/images/favicon.png,否,否
33,种子音乐,硬核指南,https://zz123.com,种子音乐：提供在线听歌、MP3歌曲下载的网站,在线,https://yinghezhinan.com/wp-content/themes/onenav/images/favicon.png,否,否
34,昔枫音乐盒,硬核指南,https://mu-jie.cc/musicBox,昔枫音乐盒：以网易云为主的网页版免费在线音乐播放器，支持歌曲免费下载,"网页, 在线, 免费",https://yinghezhinan.com/wp-content/themes/onenav/images/favicon.png,否,否
35,好读,硬核指南,https://haodoo.org,好读：繁体版电子书资源网站,,https://yinghezhinan.com/wp-content/themes/onenav/images/favicon.png,否,否
36,读书派,硬核指南,https://www.dushupai.com,读书派：提供EPUB、AZW3、MOBI、PDF等格式的免费电子书下载网站,免费,https://yinghezhinan.com/wp-content/themes/onenav/images/favicon.png,否,否
37,怀旧书库,硬核指南,https://www.huaijiushuku.top,怀旧书库：epub电子书下载网站,,https://yinghezhinan.com/wp-content/themes/onenav/images/favicon.png,否,否
38,小力盘,硬核指南,https://www.xiaolipan.com,小力盘：提供电子书下载的资源搜索平台,,https://yinghezhinan.com/wp-content/themes/onenav/images/favicon.png,否,否
39,书籍知识库,硬核指南,https://www.zhishikoo.com,书籍知识库：书籍、电子书分享的资源网站,,https://yinghezhinan.com/wp-content/themes/onenav/images/favicon.png,否,否
40,识典古籍,硬核指南,https://www.shidianguji.com,识典古籍：古籍在线阅读的网站,在线,https://yinghezhinan.com/wp-content/themes/onenav/images/favicon.png,否,否
41,书格,硬核指南,https://www.shuge.org,书格：自由开放的古籍数字图书馆,,https://yinghezhinan.com/wp-content/themes/onenav/images/favicon.png,否,否
42,鹿鸣川,硬核指南,https://lunarora.com,鹿鸣川：高质量的电子书资源网站,,https://yinghezhinan.com/wp-content/themes/onenav/images/favicon.png,否,否
43,鸠摩搜索,硬核指南,https://www.jiumodiary.com,鸠摩搜索：电子书、文档搜索引擎,,https://yinghezhinan.com/wp-content/themes/onenav/images/favicon.png,否,否
44,飞库文学网,硬核指南,https://www.feiku6.com,飞库文学网：提供电子书籍在线阅读和下载的网站,在线,https://yinghezhinan.com/wp-content/themes/onenav/images/favicon.png,否,否
45,电子书之家,硬核指南,https://honeypdf.com,电子书之家：提供全网电子书、小说免费下载的电子书网站,免费,https://yinghezhinan.com/wp-content/themes/onenav/images/favicon.png,否,否
46,可阅文学网,硬核指南,https://kepub.net,可阅文学网：提供在线阅读文学、诗歌、散文随笔等作品的网站,在线,https://yinghezhinan.com/wp-content/themes/onenav/images/favicon.png,否,否
47,mobi图书网,硬核指南,https://mobitushu.cn,mobi图书网：专注分享mobi格式电子书的网站,,https://yinghezhinan.com/wp-content/themes/onenav/images/favicon.png,否,否
48,金屋电子书,硬核指南,https://alltool.top,金屋电子书：专注电子书资源的整理与分享,,https://yinghezhinan.com/wp-content/themes/onenav/images/favicon.png,否,否
49,SoBooks,硬核指南,https://sobooks.cc,SoBooks：免费电子书（网盘）下载平台,免费,https://yinghezhinan.com/wp-content/themes/onenav/images/favicon.png,否,否
50,NMOD,硬核指南,https://www.nmod.net,NMOD：提供电子书资源的下载网站,,https://yinghezhinan.com/wp-content/themes/onenav/images/favicon.png,否,否
51,SaltyLeo书架,硬核指南,https://book.tstrs.me/search,SaltyLeo书架：提供电子书、有声读物下载的网站,,https://yinghezhinan.com/wp-content/themes/onenav/images/favicon.png,否,否
52,Switch520,硬核指南,https://www.gamer520.com,Switch520：更新频率很高的switch、pc、ps5、ps4、模拟器游戏下载网站,,https://yinghezhinan.com/wp-content/themes/onenav/images/favicon.png,是,否
53,小妖怪分享,硬核指南,https://www.xyg688.com,小妖怪分享：主打游戏免费分享的资源网站,免费,https://yinghezhinan.com/wp-content/themes/onenav/images/favicon.png,否,否
54,flysheep资源避难所,硬核指南,https://www.flysheep6.com,flysheep资源避难所：分享单机PC、VR、模拟器等等游戏的免费下载网站,"PC, 免费",https://yinghezhinan.com/wp-content/themes/onenav/images/favicon.png,否,否
55,机地游戏,硬核指南,https://www.jidiyouxi.com,机地游戏：单机游戏、Switch游戏资源分享网站,,https://yinghezhinan.com/wp-content/themes/onenav/images/favicon.png,否,否
56,蒸汽游戏宝库,硬核指南,https://www.steambk.com,蒸汽游戏宝库：高质量Steam单机游戏下载站,,https://yinghezhinan.com/wp-content/themes/onenav/images/favicon.png,否,否
57,宝库一号,硬核指南,https://baoku.one,宝库一号：单机游戏资源分享网站,,https://yinghezhinan.com/wp-content/themes/onenav/images/favicon.png,否,否
58,芝士游戏,硬核指南,https://www.cheesegame.org,芝士游戏：免费PC单机游戏资源分享网站,"PC, 免费",https://yinghezhinan.com/wp-content/themes/onenav/images/favicon.png,否,否
59,XHYGAME,硬核指南,https://xhygame.top,XHYGAME：单机游戏资源分享站,,https://yinghezhinan.com/wp-content/themes/onenav/images/favicon.png,否,否
60,NS头号玩家,硬核指南,https://nsthwj.vip,NS头号玩家：Switch游戏资源分享平台,,https://yinghezhinan.com/wp-content/themes/onenav/images/favicon.png,否,否
61,de吴线游戏,硬核指南,https://dewuxian.com,de吴线游戏：单机游戏资源免费下载网站,免费,https://yinghezhinan.com/wp-content/themes/onenav/images/favicon.png,否,否
62,小鱼资源库,硬核指南,https://www.yzyk.xyz,小鱼资源库：分享PC游戏、模拟器游戏、手机游戏的单机游戏下载站,PC,https://yinghezhinan.com/wp-content/themes/onenav/images/favicon.png,否,否
63,PlayZip,硬核指南,https://playzip.com,PlayZip：专注于单机游戏下载的资源网站,,https://yinghezhinan.com/wp-content/themes/onenav/images/favicon.png,否,否
64,小叽资源,硬核指南,https://steamzg.com,小叽资源：免费下载单机游戏的资源网站,免费,https://yinghezhinan.com/wp-content/themes/onenav/images/favicon.png,否,否
65,奥德彪计划,硬核指南,https://2468c.com,奥德彪计划：PS5、PS4、FC游戏、PC游戏修改器游戏资源下载站,PC,https://yinghezhinan.com/wp-content/themes/onenav/images/favicon.png,否,否
66,FC图库,硬核指南,https://fcpic.nesbbs.com/game.html,FC图库：红白机(FC/NES)游戏资源下载的知名老站,,https://yinghezhinan.com/wp-content/themes/onenav/images/favicon.png,否,否
67,老机库,硬核指南,https://laojiku.com,老机库：提供FC、PS、Wii、PSP等怀旧游戏资源的网站,,https://yinghezhinan.com/wp-content/themes/onenav/images/favicon.png,否,否
68,游仓酷,硬核指南,https://yxcku.com,游仓酷：专注单机游戏资源、MOD模组的资源分享网站,,https://yinghezhinan.com/wp-content/themes/onenav/images/favicon.png,否,否
69,哈基米游戏,硬核指南,https://www.hajimigames.com,哈基米游戏：单机游戏资源分享网站,,https://yinghezhinan.com/wp-content/themes/onenav/images/favicon.png,否,否
70,XDGAME,硬核指南,https://xdgame.io,XDGAME：专注PC单机游戏资源的网站,PC,https://yinghezhinan.com/wp-content/themes/onenav/images/favicon.png,否,否
71,蛙趣单机游戏,硬核指南,https://wq666.cn,蛙趣单机游戏：分享单机游戏的免费资源网站,免费,https://yinghezhinan.com/wp-content/themes/onenav/images/favicon.png,否,否
72,Game Share,硬核指南,https://www.gameshare.cc,Game Share：以PC游戏、手机游戏下载为主的免费资源网站,"PC, 免费",https://yinghezhinan.com/wp-content/themes/onenav/images/favicon.png,否,否
73,掌游网,硬核指南,https://www.switchxiazai.com/index.html,掌游网：Switch游戏下载站,,https://yinghezhinan.com/wp-content/themes/onenav/images/favicon.png,否,否
74,兔叽游戏,硬核指南,https://tujigame.com,兔叽游戏：单机游戏、Switch游戏资源下载网站,,https://yinghezhinan.com/wp-content/themes/onenav/images/favicon.png,否,否
75,Game盒,硬核指南,https://www.gamehe.com,Game盒：以PC游戏资源分享为主的网站,PC,https://yinghezhinan.com/wp-content/themes/onenav/images/favicon.png,否,否
76,梨子乐游戏,硬核指南,https://lzlgo.com,梨子乐游戏：以免费PC游戏资源为夸克网盘下载网站,"PC, 免费",https://yinghezhinan.com/wp-content/themes/onenav/images/favicon.png,否,否
77,野野游戏公会,硬核指南,https://www.yeye.click,野野游戏公会：以单机游戏下载为主的游戏资源网站,,https://yinghezhinan.com/wp-content/themes/onenav/images/favicon.png,否,否
78,对岸游戏,硬核指南,https://duian.cn,对岸游戏：PC单机游戏资源网站,PC,https://yinghezhinan.com/wp-content/themes/onenav/images/favicon.png,否,否
79,Byrutor,硬核指南,https://byrutgame.org,Byrutor：俄罗斯免费游戏资源网站（非中文）,免费,https://yinghezhinan.com/wp-content/themes/onenav/images/favicon.png,否,否
80,暴走VR,硬核指南,https://www.baozouvr.com,暴走VR：Quest VR游戏资源的老牌分享站,,https://yinghezhinan.com/wp-content/themes/onenav/images/favicon.png,否,否
81,VR下载吧,硬核指南,https://www.vrxzb.com,VR下载吧：VR游戏和视频下载的网站,,https://yinghezhinan.com/wp-content/themes/onenav/images/favicon.png,否,否
82,Cracked-Games,硬核指南,https://cracked-games.org,Cracked-Games：海外破解游戏分享平台,,https://yinghezhinan.com/wp-content/themes/onenav/images/favicon.png,否,否
83,TVGarden,硬核指南,https://tv.garden,TVGarden：全球在线直播电视聚合平台,"TV, 在线",https://yinghezhinan.com/wp-content/themes/onenav/images/favicon.png,否,否
84,Ai智能助手,硬核指南,https://loomy.cgref.cn/s/zdkjq8yn1r,Loomy：科大讯飞自研桌面 AI 助手，日常办公、规划日程、创作内容都好用，受众广好转化,免费,https://yinghezhinan.com/wp-content/themes/onenav/images/favicon.png,是,否
85,Ai修图,硬核指南,https://dis.csqixiang.cn/retouchpics?channel=yhzn,醒图：一句话描述修图需求，AI 帮你修出高级感大片,,https://yinghezhinan.com/wp-content/themes/onenav/images/favicon.png,否,否
86,Ai图像,硬核指南,https://xyq.jianying.com?utm_medium=paidads&utm_source=aitools&utm_campaign=hw_xyq_yinghezhinan,小云雀：Seedance2.5 正式上线,网页,https://yinghezhinan.com/wp-content/themes/onenav/images/favicon.png,否,否
87,Ai视频,硬核指南,https://seko.cgref.cn/s/50k9g58ng6,Seko：创编一体的Agent,"TV, Windows, 免费",https://yinghezhinan.com/wp-content/themes/onenav/images/favicon.png,是,否
88,Ai办公,硬核指南,https://www.gaoding.com/utms/18b09b532e834e0ebc8c6a555aca72d8,稿定PPT：一站式海量免费PPT模版资源库,"网页, 在线",https://yinghezhinan.com/wp-content/themes/onenav/images/favicon.png,否,否
89,Ai写作,硬核指南,https://wawawriter.cgref.cn/s/omkl0ywk4d,蛙蛙Ai写作：AI小说写作助手：写小说、拆书、小说转剧本,,https://yinghezhinan.com/wp-content/themes/onenav/images/favicon.png,否,否
90,Ai智能体,硬核指南,https://agent.xfyun.cn/home?ch=xcagent-aitool7,星辰Agent：有什么任务就交给星辰Agent吧，解放你的大脑,,https://yinghezhinan.com/wp-content/themes/onenav/images/favicon.png,否,否
91,Ai写代码,硬核指南,https://click.meoo.com/m/20000000674,秒悟：通过自然语言快速创建网页应用、落地页、小程序、营销 H5、PPT 和数据可视化。,"网页, 免费",https://yinghezhinan.com/wp-content/themes/onenav/images/favicon.png,否,否
92,Ai电商,硬核指南,https://www.ihuiwa.com/workspace/ai-creation?taskBizType=1001&huiwaInviteCode=EUKWXL,绘蛙-AI电商营销：阿里推出的电商营销内容创作平台,免费,https://yinghezhinan.com/wp-content/themes/onenav/images/favicon.png,否,否
93,Ai工具,硬核指南,https://atoms.cgref.cn/s/omklvmjn4d,Atoms：多智能体协作平台帮助更多独立创业者把想法快速做成可上线、可盈利的真实产品。,免费,https://yinghezhinan.com/wp-content/themes/onenav/images/favicon.png,否,否
94,抖虫,硬核指南,https://www.dousnap.com,抖音、小红书、快手的素材提取工具,,https://yinghezhinan.com/wp-content/themes/onenav/images/favicon.png,否,否
95,FileUnzip,硬核指南,https://cn.fileunzip.com,在线解压ZIP、RAR、7Z等文件的工具,,https://yinghezhinan.com/wp-content/themes/onenav/images/favicon.png,否,否
96,荔枝悦书,阅读,https://www.lzys.cc,荔枝悦书：免费小说下载网站,免费,https://yinghezhinan.com/wp-content/themes/onenav/images/favicon.png,否,否
97,找书神器,阅读,https://mianfei22.com,找书神器：百万免费小说免费在线阅读的网站,"在线, 免费",https://yinghezhinan.com/wp-content/themes/onenav/images/favicon.png,否,否
98,owllook,阅读,https://www.owlook.com.cn,owllook：网络小说搜索引擎,,https://yinghezhinan.com/wp-content/themes/onenav/images/favicon.png,否,否
99,小说巴士,阅读,https://www.xiaoshuo84.cc,小说巴士：海量小说免费在线阅读的网站,"在线, 免费",https://yinghezhinan.com/wp-content/themes/onenav/images/favicon.png,否,否
100,无限小说网,阅读,https://wuxianbook.com,无限小说网：简约无广告的免费小说阅读网站,免费,https://yinghezhinan.com/wp-content/themes/onenav/images/favicon.png,否,否
101,轻小说机翻机器人,阅读,https://books.fishhawk.top,轻小说机翻机器人：支持多家轻小说平台内容的AI翻译,,https://yinghezhinan.com/wp-content/themes/onenav/images/favicon.png,否,否
102,幻梦轻小说,阅读,https://www.huanmengacg.com,幻梦轻小说：免费日本动漫/SF轻小说在线阅读,"在线, 免费",https://yinghezhinan.com/wp-content/themes/onenav/images/favicon.png,否,否
103,耽美小说,阅读,https://danmei.vip,耽美小说：耽美小说资源下载的网站,,https://yinghezhinan.com/wp-content/themes/onenav/images/favicon.png,否,否
104,哔哩轻小说,阅读,https://www.linovelib.com,哔哩轻小说：提供全网轻小说免费在线阅读的网站,"在线, 免费",https://yinghezhinan.com/wp-content/themes/onenav/images/favicon.png,否,否
105,轻小说文库,阅读,https://mojimoon.github.io/wenku8/index.html,轻小说文库：专注轻小说资源的网站,,https://yinghezhinan.com/wp-content/themes/onenav/images/favicon.png,否,否
106,鬼话连篇,阅读,https://guihualianpian.cn,鬼话连篇：分享鬼故事的网站,,https://yinghezhinan.com/wp-content/themes/onenav/images/favicon.png,否,否
107,502book,阅读,https://502book.com,502book：支持内容在线解析、阅读的小说搜索引擎,在线,https://yinghezhinan.com/wp-content/themes/onenav/images/favicon.png,否,否
108,八零电子书,阅读,https://www.txt80.cc,八零电子书：TXT小说下载网站,,https://yinghezhinan.com/wp-content/themes/onenav/images/favicon.png,否,否
109,万本小说,阅读,https://www.10000txt.com,万本小说：提供校对版全本Txt小说下载的资源网站,,https://yinghezhinan.com/wp-content/themes/onenav/images/favicon.png,否,否
110,我不是盐神,阅读,https://onehu.xyz,我不是盐神：知乎盐选免费阅读网站,免费,https://yinghezhinan.com/wp-content/themes/onenav/images/favicon.png,否,否
111,盐选,阅读,https://www.yanxuan.org,盐选：提供知乎盐选文章免费阅读的网站,免费,https://yinghezhinan.com/wp-content/themes/onenav/images/favicon.png,否,否
112,AudioBook Bay,阅读,https://audiobookbay.lu,AudioBook Bay：以外文（英文）有声小说下载的资源网站,,https://yinghezhinan.com/wp-content/themes/onenav/images/favicon.png,否,否
113,JOJO看报,阅读,https://reader.jojokanbao.cn,JOJO看报：提供近代中国老报纸、老杂志的网站,,https://yinghezhinan.com/wp-content/themes/onenav/images/favicon.png,否,否
114,老画报,阅读,http://www.laohuabao.com,老画报：之前硬核君推荐过一个专门收...,,https://yinghezhinan.com/wp-content/themes/onenav/images/favicon.png,否,否
115,时光图书馆,阅读,https://atimebook.com,时光图书馆：数万本各类老旧书籍资源的网站,,https://yinghezhinan.com/wp-content/themes/onenav/images/favicon.png,否,否
116,读者阁,阅读,https://duzhege.cn,读者阁：PDF版电子杂志的在线阅读、资源下载的网站,在线,https://yinghezhinan.com/wp-content/themes/onenav/images/favicon.png,否,否
117,53BK报刊网,阅读,http://www.53bk.com/baokan,53BK报刊网：提供国内各地、海外报纸、期刊在线阅读的网站,在线,https://yinghezhinan.com/wp-content/themes/onenav/images/favicon.png,否,否
118,壁纸汇,娱乐,https://www.bizhihui.com,壁纸汇：提供4K/8K手机和电脑壁纸的网站,,https://yinghezhinan.com/wp-content/themes/onenav/images/favicon.png,否,否
119,Wallspic,娱乐,https://wallspic.com/cn,Wallspic：免费提供4K手机和PC壁纸的壁纸网站,"PC, 免费",https://yinghezhinan.com/wp-content/themes/onenav/images/favicon.png,否,否
120,3G壁纸,娱乐,https://www.3gbizhi.com,3G壁纸：可支持4K、8K的手机和电脑壁纸下载,,https://yinghezhinan.com/wp-content/themes/onenav/images/favicon.png,否,否
121,Wallpaper.fm,娱乐,https://www.wallpaper.fm,Wallpaper.fm：AI壁纸的手机壁纸资源站,,https://yinghezhinan.com/wp-content/themes/onenav/images/favicon.png,否,否
122,WallpapersCraft,娱乐,https://wallpaperscraft.com,WallpapersCraft：最高可支持4K壁纸下载的综合壁纸网站,,https://yinghezhinan.com/wp-content/themes/onenav/images/favicon.png,否,否
123,2DWallpapers,娱乐,https://www.2dwallpapers.com,2DWallpapers：二次元电脑壁纸下载的网站,,https://yinghezhinan.com/wp-content/themes/onenav/images/favicon.png,否,否
124,MyLiveWallpaper,娱乐,https://mylivewallpapers.com,MyLiveWallpaper：支持PC、手机的动态壁纸资源分享网站,PC,https://yinghezhinan.com/wp-content/themes/onenav/images/favicon.png,否,否
125,WallpaperWaifu,娱乐,https://wallpaperwaifu.com,WallpaperWaifu：二次元动态壁纸的资源网站,,https://yinghezhinan.com/wp-content/themes/onenav/images/favicon.png,否,否
126,AppleWalls,娱乐,https://www.applewalls.com,AppleWalls：苹果设备原生壁纸大全，涵盖iOS、iPadOS、macOS,"iOS, macOS",https://yinghezhinan.com/wp-content/themes/onenav/images/favicon.png,否,否
127,Phone Wallpaper,娱乐,https://www.applewalls.com/zh,Phone Wallpaper：提供各个品牌手机的内置壁纸资源,,https://yinghezhinan.com/wp-content/themes/onenav/images/favicon.png,否,否
128,故宫壁纸,娱乐,https://www.dpm.org.cn/lights/royal.html,故宫壁纸：故宫博物院旗下的高清壁纸分享网站,,https://yinghezhinan.com/wp-content/themes/onenav/images/favicon.png,否,否
129,LiveWallpapers4Free,娱乐,https://livewallpapers4free.com,LiveWallpapers4Free：最高可支持4K电脑动态壁纸资源的分享站,,https://yinghezhinan.com/wp-content/themes/onenav/images/favicon.png,否,否
130,WSupercars,娱乐,https://www.wsupercars.com,WSupercars：专注超清汽车壁纸的网站,,https://yinghezhinan.com/wp-content/themes/onenav/images/favicon.png,否,否
131,哲风壁纸,娱乐,https://haowallpaper.com,哲风壁纸：4K、8K的电脑和手机壁纸分享社区,,https://yinghezhinan.com/wp-content/themes/onenav/images/favicon.png,否,否
132,Unsplash,娱乐,https://unsplash.com,Unsplash：完全免费、无版权的高清图片资源分享网站,免费,https://yinghezhinan.com/wp-content/themes/onenav/images/favicon.png,否,否
133,hdqwalls壁纸,娱乐,https://hdqwalls.com,hdqwalls壁纸：4K、8K高清壁纸下载网站,,https://yinghezhinan.com/wp-content/themes/onenav/images/favicon.png,否,否
134,SS壁纸,娱乐,https://ss.netnr.com/wallpaper,SS壁纸：4K电脑壁纸（360、Bing、Bird）下载的网站,,https://yinghezhinan.com/wp-content/themes/onenav/images/favicon.png,否,否
135,暖糖壁纸,娱乐,https://www.nuantang.net,暖糖壁纸：提供高清电脑桌面壁纸的资源网站,,https://yinghezhinan.com/wp-content/themes/onenav/images/favicon.png,否,否
136,WallHere壁纸库,娱乐,https://wallhere.com,WallHere壁纸库：支持电脑桌面、安卓、苹果设备的壁纸资源网站,,https://yinghezhinan.com/wp-content/themes/onenav/images/favicon.png,否,否
137,桌面壁纸,娱乐,https://desk.zol.com.cn,桌面壁纸：ZOL旗下的桌面壁纸（手机壁纸）资源网站,,https://yinghezhinan.com/wp-content/themes/onenav/images/favicon.png,否,否
138,彼岸桌面,娱乐,http://www.netbian.com,彼岸桌面：提供手机和电脑壁纸的老牌壁纸网站,,https://yinghezhinan.com/wp-content/themes/onenav/images/favicon.png,否,否
139,国漫图库,娱乐,https://guomantuku.com,国漫图库：国漫女神Ai绘画为主的手机壁纸图库,,https://yinghezhinan.com/wp-content/themes/onenav/images/favicon.png,否,否
140,SomeACG壁纸,娱乐,https://www.someacg.top,SomeACG壁纸：专注ACG壁纸的二次元壁纸网站,,https://yinghezhinan.com/wp-content/themes/onenav/images/favicon.png,否,否
141,ACG图库,娱乐,https://acgtuku.com,ACG图库：ACG二次元壁纸网站,,https://yinghezhinan.com/wp-content/themes/onenav/images/favicon.png,否,否
142,WallpaperCave,娱乐,https://wallpapercave.com,WallpaperCave：提供免费高质量桌面、收集壁纸的网站,免费,https://yinghezhinan.com/wp-content/themes/onenav/images/favicon.png,否,否
143,必应壁纸,娱乐,https://www.todaybing.com,必应壁纸：提供必应4K高清无水印壁纸下载的网站,,https://yinghezhinan.com/wp-content/themes/onenav/images/favicon.png,否,否
144,壁纸湖,娱乐,https://bizihu.com,壁纸湖：手机壁纸控的宝藏网站,,https://yinghezhinan.com/wp-content/themes/onenav/images/favicon.png,否,否
145,日夸壁纸,娱乐,https://www.rikua.com,日夸壁纸：手机、电脑、折叠屏壁纸资源网站,,https://yinghezhinan.com/wp-content/themes/onenav/images/favicon.png,否,否
146,大图居,娱乐,https://www.datuju.com/bizhi,大图居：Bing壁纸资源网站,,https://yinghezhinan.com/wp-content/themes/onenav/images/favicon.png,否,否
147,宝藏图库,娱乐,https://www.baozangtuku.com,宝藏图库：提供PC电脑壁纸、手机壁纸的网站,PC,https://yinghezhinan.com/wp-content/themes/onenav/images/favicon.png,否,否
148,美图123,娱乐,https://mt123.cc,美图123：提供二次元美女壁纸、头像的资源网站,,https://yinghezhinan.com/wp-content/themes/onenav/images/favicon.png,否,否
149,Chnci壁纸,娱乐,https://www.chnci.cc,Chnci壁纸：提供二次元的手机、电脑桌面壁纸的资源网站,,https://yinghezhinan.com/wp-content/themes/onenav/images/favicon.png,否,否
150,醒图,AI助手,https://dis.csqixiang.cn/retouchpics?channel=yhzn,醒图：一句话描述修图需求，AI 帮你修出高级感大片,,https://yinghezhinan.com/wp-content/themes/onenav/images/favicon.png,否,否
151,Loomy,AI助手,https://loomy.cgref.cn/s/zdkjq8yn1r,Loomy：科大讯飞自研桌面 AI 助手，日常办公、规划日程、创作内容都好用，受众广好转化,,https://yinghezhinan.com/wp-content/themes/onenav/images/favicon.png,否,否
152,秒悟,AI助手,https://click.meoo.com/m/20000000674,秒悟：通过自然语言快速创建网页应用、落地页、小程序、营销 H5、PPT 和数据可视化。,网页,https://yinghezhinan.com/wp-content/themes/onenav/images/favicon.png,否,否
153,Seko,AI助手,https://seko.cgref.cn/s/50k9g58ng6,Seko：创编一体的Agent,,https://yinghezhinan.com/wp-content/themes/onenav/images/favicon.png,否,否
154,小云雀,AI助手,https://xyq.jianying.com?utm_medium=paidads&utm_source=aitools&utm_campaign=hw_xyq_yinghezhinan,小云雀：Seedance2.5 正式上线,,https://yinghezhinan.com/wp-content/themes/onenav/images/favicon.png,否,否
155,千问,AI助手,https://dis.chatdesks.cn/chatdesk/qwyhzn.html,千问：提供最强Qwen大模型体验的第一入口，助力你的工作、学习、生活,,https://yinghezhinan.com/wp-content/themes/onenav/images/favicon.png,否,否
156,Atoms,AI助手,https://atoms.cgref.cn/s/omklvmjn4d,Atoms：多智能体协作平台帮助更多独立创业者把想法快速做成可上线、可盈利的真实产品。,,https://yinghezhinan.com/wp-content/themes/onenav/images/favicon.png,否,否
157,LibTV视频创作,AI助手,https://libtv.cgref.cn/s/l3mnzlleo1,LibTV视频创作：面向人与Agent的AI视频创作平台,TV,https://yinghezhinan.com/wp-content/themes/onenav/images/favicon.png,否,否
158,即梦Ai,AI助手,https://dis.chatdesks.cn/chatdesk/jmyhzn.html,即梦Ai：即梦AI一站式智能创作平台，...,,https://yinghezhinan.com/wp-content/themes/onenav/images/favicon.png,否,否
159,绘蛙Ai修图,AI助手,https://www.ihuiwa.com/workspace/ai-image/partial-redraw?editType=eraser-pen&huiwaInviteCode=EUKWXL,绘蛙Ai修图：AI去图片水印、人物、杂物等,,https://yinghezhinan.com/wp-content/themes/onenav/images/favicon.png,否,否
160,updream,AI助手,https://updream.cgref.cn/s/41evwogkv8,updream：updream是哔哩哔哩自研的AI视频创作产品,,https://yinghezhinan.com/wp-content/themes/onenav/images/favicon.png,否,否
161,AniShort,AI助手,https://anishort.cgref.cn/s/59ngrmgkr2,AniShort：短剧博主必须AI神器,,https://yinghezhinan.com/wp-content/themes/onenav/images/favicon.png,否,否
162,LiblibAI图片创作,AI助手,https://liblib.cgref.cn/yinghepic,LiblibAI图片创作：百变风格，超多模型供任选,,https://yinghezhinan.com/wp-content/themes/onenav/images/favicon.png,否,否
163,绘蛙-AI电商营销,AI助手,https://www.ihuiwa.com/workspace/ai-creation?taskBizType=1001&huiwaInviteCode=EUKWXL,绘蛙-AI电商营销：阿里推出的电商营销内容创作平台,,https://yinghezhinan.com/wp-content/themes/onenav/images/favicon.png,否,否
164,讯飞星火,AI助手,https://xinghuo.xfyun.cn/desk/?ch=xfxh-aigjtf41,讯飞星火：超过GPT-4 Turbo的讯飞星火AI助手,,https://yinghezhinan.com/wp-content/themes/onenav/images/favicon.png,否,否
165,绘蛙 – 文字生成图片,AI助手,https://www.ihuiwa.com/workspace/ai-image/creative-scene?huiwaInviteCode=EUKWXL,绘蛙 – 文字生成图片：输入你想象中的画面，得到一张理想的美图,,https://yinghezhinan.com/wp-content/themes/onenav/images/favicon.png,否,否
166,讯飞译制,AI助手,https://yizhi.iflyrec.com/?regFrom=XFTJ948&id=XFTJ948,讯飞译制：视频翻译、加字幕,,https://yinghezhinan.com/wp-content/themes/onenav/images/favicon.png,否,否
167,稿定PPT,AI助手,https://www.gaoding.com/utms/18b09b532e834e0ebc8c6a555aca72d8,稿定PPT：一站式海量免费PPT模版资源库,免费,https://yinghezhinan.com/wp-content/themes/onenav/images/favicon.png,否,否
168,Lovart中文版,AI助手,https://lovart.cgref.cn/s/1oe70ppn23,Lovart中文版：先进的设计Agent，将独特创意转化为非凡杰作。从灵感板到品牌视觉，让每一个创意精准落地。,,https://yinghezhinan.com/wp-content/themes/onenav/images/favicon.png,否,否
169,豆包AI助手,AI助手,https://www.doubao.com/chat/?channel=doutui_hw_db_yhzn_nc2xp5&source=doutui_hw_db_yhzn_nc2xp5,豆包AI助手：视频模型Seedance 2.0上线,,https://yinghezhinan.com/wp-content/themes/onenav/images/favicon.png,否,否
170,办公小浣熊,AI助手,https://office.xiaohuanxiong.com/channel-promo?utm_source=blmay50,办公小浣熊：一站式创作平台和知识管理空间,,https://yinghezhinan.com/wp-content/themes/onenav/images/favicon.png,否,否
171,讯飞同传,AI助手,https://tongchuan.iflyrec.com/?channel=TJTC019,讯飞同传：多语种实时翻译、同声传译,,https://yinghezhinan.com/wp-content/themes/onenav/images/favicon.png,否,否
172,绘蛙 – 修复模糊图片,AI助手,https://www.ihuiwa.com/workspace/partial-redraw?editType=enhance-image&huiwaInviteCode=EUKWXL,绘蛙 – 修复模糊图片：一键AI拯救渣画质，让老图变成新图,,https://yinghezhinan.com/wp-content/themes/onenav/images/favicon.png,是,否
173,绘蛙 – 一键抠图,AI助手,https://www.ihuiwa.com/workspace/partial-redraw?editType=smart-matting&huiwaInviteCode=EUKWXL,绘蛙 – 一键抠图：让AI帮你一键抠图,,https://yinghezhinan.com/wp-content/themes/onenav/images/favicon.png,否,否
174,绘蛙 – AI扩图,AI助手,https://www.ihuiwa.com/workspace/partial-redraw?editType=expand-image&huiwaInviteCode=EUKWXL,绘蛙 – AI扩图：一键无缝扩展图片到任意尺寸，即便是五官、肢体被挡住，也可以完美还原！,,https://yinghezhinan.com/wp-content/themes/onenav/images/favicon.png,否,否
175,妙呀Ai,AI助手,https://www.miaoyaai.cn/create?sqm=miaoya.cpa.aiweb05.pc,妙呀Ai：阿里通义联合大麦娱乐推出的 AI 潮玩设计平台,,https://yinghezhinan.com/wp-content/themes/onenav/images/favicon.png,否,否
176,稿定设计 – 稿定Ai设计,AI助手,https://www.gaoding.com/utms/28663695e5f9461d8b86ddc07565e4f1,稿定设计 – 稿定Ai设计：Ai帮你搞定,,https://yinghezhinan.com/wp-content/themes/onenav/images/favicon.png,否,否
177,LiblibAI – 视频特效,AI助手,https://liblib.cgref.cn/s/1oe7xpmn23,LiblibAI – 视频特效：AI绘画原创模型分享社区,,https://yinghezhinan.com/wp-content/themes/onenav/images/favicon.png,否,否
178,讯飞星辰MaaS,AI助手,https://maas.xfyun.cn/modelSquare?ch=maas-lm-5X9t,讯飞星辰MaaS：提供丰富模型资源，支持精调、API调用、体验、一键部署。,,https://yinghezhinan.com/wp-content/themes/onenav/images/favicon.png,否,否
179,蛙蛙Ai写作,AI助手,https://wawawriter.cgref.cn/s/omkl0ywk4d,蛙蛙Ai写作：AI小说写作助手：写小说、拆书、小说转剧本,,https://yinghezhinan.com/wp-content/themes/onenav/images/favicon.png,否,否
180,绘蛙 – 多张图生成短片,AI助手,https://www.ihuiwa.com/workspace/ai-video/multi-img?huiwaInviteCode=EUKWXL,绘蛙 – 多张图生成短片：选择多张图片，即可一键生成短片,,https://yinghezhinan.com/wp-content/themes/onenav/images/favicon.png,否,否
181,码上飞 – 开发应用,AI助手,https://codeflying.cgref.cn/s/920eppqew1,码上飞 – 开发应用：一句话生成小程序、APP、H5网页应用,网页,https://yinghezhinan.com/wp-content/themes/onenav/images/favicon.png,否,否
182,Trae AI编程,AI助手,https://www.trae.cn/sem/?utm_source=advertising&utm_medium=yinghezhinan_ug_cpa&utm_term=hw_trae_yinghezhinan,Trae AI编程：AI辅助编程，代码自动修复,,https://yinghezhinan.com/wp-content/themes/onenav/images/favicon.png,否,否
183,星辰Agent,AI助手,https://agent.xfyun.cn/home?ch=xcagent-aitool7,星辰Agent：有什么任务就交给星辰Agent吧，解放你的大脑,,https://yinghezhinan.com/wp-content/themes/onenav/images/favicon.png,否,否
184,代码小浣熊,AI助手,https://www.xiaohuanxiong.com/login?utm_source=blmay50,代码小浣熊：VSCode、JetBrains、在线AI编写代码的编程工具,在线,https://yinghezhinan.com/wp-content/themes/onenav/images/favicon.png,否,否
185,稿定 – Ai商品图工具集,AI助手,https://www.gaoding.com/utms/87ba5a34174e4ad794a583f9e18b8a12,稿定 – Ai商品图工具集：专业级商品图免费生成,免费,https://yinghezhinan.com/wp-content/themes/onenav/images/favicon.png,否,否
186,SpeedAI,AI助手,https://speedai.cgref.cn/s/31le0mokoq,SpeedAI：专业的AIGC检测、降重降AI平台,,https://yinghezhinan.com/wp-content/themes/onenav/images/favicon.png,否,否
187,小浣熊 – 数据分析,AI助手,https://www.xiaohuanxiong.com/login?utm_source=blmay50,小浣熊 – 数据分析：AI帮你搞定数据分析、文档报告撰写等办公任务,,https://yinghezhinan.com/wp-content/themes/onenav/images/favicon.png,否,否
188,讯飞绘文 – 选题、配图、成文,AI助手,https://turbodesk.cgref.cn/s/59ngpq4nr2,讯飞绘文 – 选题、配图、成文：内容运营必备的「一站式创作」助手,,https://yinghezhinan.com/wp-content/themes/onenav/images/favicon.png,否,否
189,iterms – 写/审/改合同,AI助手,https://ai.iterms.com/chat?utm_source=aitool&utm_medium=11&utm_campaign=new_user,iterms – 写/审/改合同：iTerms是法大大集团旗下法律...,,https://yinghezhinan.com/wp-content/themes/onenav/images/favicon.png,否,否
190,稿定 – 证件照,AI助手,https://www.gaoding.com/utms/492717cf57f4440782f49ee90777c0ea,稿定 – 证件照：在线一键换底色、AI最美证件照,在线,https://yinghezhinan.com/wp-content/themes/onenav/images/favicon.png,否,否
191,咔片 – 在线PPT设计,AI助手,https://www.cappt.cc/?mtm_campaign=CZQD-aidh-zd38-10080 ,咔片 – 在线PPT设计：AI一键生成PPT，从内容生成到智能设计，PPT 如此简单！,在线,https://yinghezhinan.com/wp-content/themes/onenav/images/favicon.png,否,否
192,Laper,AI助手,https://laper.cgref.cn/s/59ngv85nr2,Laper：Ai剧本助理,,https://yinghezhinan.com/wp-content/themes/onenav/images/favicon.png,否,否
193,Pi – AI演示文档,AI助手,https://pi.deepvinci.tech/idea?share_token=AH5TKHHOAWCIA,Pi – AI演示文档：一句话搞定专业的演示文档,,https://yinghezhinan.com/wp-content/themes/onenav/images/favicon.png,否,否
194,课灵PPT,AI助手,https://www.classppt.cn,课灵PPT：专为老师和家长设计的AI课件生成平台,,https://yinghezhinan.com/wp-content/themes/onenav/images/favicon.png,否,否
195,蛙蛙Ai漫剧,AI助手,https://wawawriter.cgref.cn/s/omkl0ywk4d,蛙蛙Ai漫剧：全链路漫剧工具，小说、剧本到视频一条龙生产,,https://yinghezhinan.com/wp-content/themes/onenav/images/favicon.png,否,否
196,有言 – 3D数字人,AI助手,https://www.youyan3d.com/login/?utm_source=zhanwaidaoliu&utm_campaign=zwj&utm_content=yinghezhinan&from=yinghezhinan,有言 – 3D数字人：一键生成高质量3D数字人视频,,https://yinghezhinan.com/wp-content/themes/onenav/images/favicon.png,否,否
197,爱派 – 本地Manus,AI助手,https://aipyaipy.cgref.cn/s/6j7n607n1g,爱派 – 本地Manus：AI牛马智能体工厂,,https://yinghezhinan.com/wp-content/themes/onenav/images/favicon.png,否,否
198,爱图表,AI助手,https://aitubiao.com,爱图表：轻松创作高颜值可视化图表,,https://yinghezhinan.com/wp-content/themes/onenav/images/favicon.png,否,否
199,AI一键换脸,AI助手,https://imgai.ai/zh,AI一键换脸：智能生成、图片换脸、视频换脸等功能的AI图片处理工具集,,https://yinghezhinan.com/wp-content/themes/onenav/images/favicon.png,否,否
200,Artplayer Tool,视频,https://artplayer.org/zh-CN/tools,Artplayer Tool：聚焦视频、音频、字幕的在线工具集,在线,https://yinghezhinan.com/wp-content/themes/onenav/images/favicon.png,否,否
201,123apps,视频,https://123apps.com/cn,123apps：视频、音频、PDF 和文件转换在线工具,在线,https://yinghezhinan.com/wp-content/themes/onenav/images/favicon.png,否,否
202,DataTool,视频,https://www.datatool.vip/zh,DataTool：在线视频下载器，支持youtube、tiktok、小红书等数十个主流视频平台,在线,https://yinghezhinan.com/wp-content/themes/onenav/images/favicon.png,否,否
203,i导航解析器,视频,https://www.idaohang123.com,i导航解析器：无水印视频下载和文字提取的在线工具,在线,https://yinghezhinan.com/wp-content/themes/onenav/images/favicon.png,否,否
204,FrameGrab,视频,https://framegrab.cc/zh,FrameGrab：在线生成视频预览图/封面图的工具,在线,https://yinghezhinan.com/wp-content/themes/onenav/images/favicon.png,否,否
205,文字转语音,音频,https://easyvoice.ioplus.tech,文字转语音：超长小说一键转换自然流畅的语音文件,,https://yinghezhinan.com/wp-content/themes/onenav/images/favicon.png,否,否
206,马克配音,音频,https://ttsmaker.cn,马克配音：在线配音：免费的文本转语音工具,"在线, 免费",https://yinghezhinan.com/wp-content/themes/onenav/images/favicon.png,否,否
207,Audio Convert,音频,https://audio-convert.com/cn,Audio Convert：在线音频格式转换器，支持十余种格式在线转换,在线,https://yinghezhinan.com/wp-content/themes/onenav/images/favicon.png,否,否
208,iMSDN,办公相关,https://www.imsdn.cn,iMSDN：Windows、Office原版系统下载网站,Windows,https://yinghezhinan.com/wp-content/themes/onenav/images/favicon.png,否,否
209,一键激活windows/office,办公相关,https://kms.cx,一键激活windows/office：一键生成脚本激活你的windows/office,,https://yinghezhinan.com/wp-content/themes/onenav/images/favicon.png,否,否
210,Look Scanned,办公相关,https://lookscanned.io/scan,Look Scanned：让文档、文件秒变扫描件的网站,,https://yinghezhinan.com/wp-content/themes/onenav/images/favicon.png,否,否
211,PDF24,办公相关,https://tools.pdf24.org/zh/all-tools,PDF24：PDF在线工具集,在线,https://yinghezhinan.com/wp-content/themes/onenav/images/favicon.png,否,否
212,iLovePDF,办公相关,https://www.ilovepdf.com/zh-cn,iLovePDF：PDF在线工具合集：合并、拆分、压缩、转换、旋转和解锁PDF文件,在线,https://yinghezhinan.com/wp-content/themes/onenav/images/favicon.png,否,否
213,Smallpdf,办公相关,https://smallpdf.com/cn#r=app,Smallpdf：PDF工具箱，免费转换、压缩、编辑PDF文档,免费,https://yinghezhinan.com/wp-content/themes/onenav/images/favicon.png,否,否
